Index,X,Y,Size,Angle,Response,Octave,ClassID,D0,D1,D2,D3,D4,D5,D6,D7,D8,D9,D10,D11,D12,D13,D14,D15,D16,D17,D18,D19,D20,D21,D22,D23,D24,D25,D26,D27,D28,D29,D30,D31,D32,D33,D34,D35,D36,D37,D38,D39,D40,D41,D42,D43,D44,D45,D46,D47,D48,D49,D50,D51,D52,D53,D54,D55,D56,D57,D58,D59,D60,D61,D62,D63,D64,D65,D66,D67,D68,D69,D70,D71,D72,D73,D74,D75,D76,D77,D78,D79,D80,D81,D82,D83,D84,D85,D86,D87,D88,D89,D90,D91,D92,D93,D94,D95,D96,D97,D98,D99,D100,D101,D102,D103,D104,D105,D106,D107,D108,D109,D110,D111,D112,D113,D114,D115,D116,D117,D118,D119,D120,D121,D122,D123,D124,D125,D126,D127,
0,294.191,375.982,2.25223,359.72,0.0402718,9306879,-1,20,0,0,119,42,0,0,53,1,0,0,119,76,2,16,8,0,0,0,18,9,9,47,10,0,0,0,0,0,6,68,19,9,2,1,119,64,0,0,6,89,16,4,67,21,8,46,80,17,12,10,12,9,53,119,69,13,21,23,1,0,1,119,98,10,7,2,119,30,0,0,0,88,112,53,12,2,1,2,10,26,57,119,56,8,9,11,37,11,58,102,3,0,6,46,33,0,5,4,20,4,0,0,0,22,19,20,1,0,0,0,8,119,10,20,2,0,0,10,119,20,1,2,0,0,19,104,80,
1,282.444,229.901,1.94831,325.644,0.0413688,15532543,-1,11,5,1,3,8,24,13,37,51,22,11,8,2,1,2,127,41,64,9,5,20,3,2,58,2,2,0,9,127,29,2,3,54,0,6,31,17,8,3,81,38,41,32,127,68,2,5,58,127,127,28,28,35,0,2,15,19,7,0,16,127,4,0,1,73,1,2,24,39,9,4,69,21,3,2,73,85,25,83,77,127,13,2,8,37,3,37,121,25,1,1,30,127,18,10,26,43,0,0,1,13,22,21,41,7,4,1,19,26,17,51,44,115,17,2,9,19,7,11,23,13,1,0,0,45,41,46,39,
2,282.444,229.901,1.94831,173.37,0.0413688,15532543,-1,8,4,5,4,66,63,3,3,37,10,14,50,22,24,3,5,28,41,31,42,47,4,0,0,9,3,1,1,105,23,1,7,32,83,23,15,43,39,0,0,14,11,14,108,115,71,2,3,115,37,18,52,47,11,2,12,34,6,2,4,115,15,2,16,115,115,4,9,23,11,1,1,35,37,1,6,97,115,38,9,115,4,1,11,49,81,79,58,15,7,7,28,113,4,2,3,56,83,1,3,3,0,0,0,74,99,0,1,2,36,16,1,3,3,0,24,99,49,41,5,1,1,4,33,94,4,2,1,
3,326.851,213.258,2.3448,114.748,0.0421623,12255999,-1,9,16,25,21,1,0,0,0,2,29,37,22,0,0,0,0,14,34,67,22,0,0,0,1,18,18,13,7,0,0,2,5,10,22,18,41,41,2,0,2,16,33,86,135,30,0,0,0,135,74,100,84,2,0,0,6,49,21,75,135,1,0,0,1,2,2,2,20,104,40,1,0,58,10,9,131,135,8,0,3,135,56,39,100,13,0,0,9,14,6,28,135,10,0,1,9,0,0,0,1,63,90,4,0,24,11,0,5,135,72,0,0,52,44,21,43,17,3,0,1,29,5,4,34,6,2,1,8,
4,235.855,259.932,4.65385,306.757,0.0418546,11665920,-1,0,0,0,0,0,0,40,46,20,5,0,0,0,3,47,107,31,11,0,0,0,0,99,124,1,0,0,0,0,0,117,50,0,0,0,2,8,9,124,114,35,37,3,15,100,42,64,34,124,124,2,4,10,0,7,23,12,17,4,0,0,1,12,4,0,0,14,100,18,4,37,31,50,7,7,124,124,7,5,10,124,22,1,7,12,0,1,58,22,6,2,0,0,1,9,14,0,0,36,124,0,0,0,0,95,10,19,98,4,0,0,12,124,9,1,1,0,0,1,53,10,1,0,0,0,4,8,9,
5,214.111,75.7521,6.73721,276.526,0.0413859,5046529,-1,0,1,4,30,37,0,0,0,66,46,8,32,39,0,0,0,176,113,1,1,0,0,0,0,46,9,0,0,0,0,0,1,0,2,6,38,59,0,0,0,64,42,10,87,74,2,1,7,176,113,4,7,1,0,0,14,100,11,0,0,0,0,0,1,4,4,7,39,51,6,5,2,55,3,1,28,59,26,61,83,176,13,1,2,1,1,9,121,111,4,0,0,0,0,0,3,13,2,10,12,2,1,4,25,40,4,0,0,1,2,27,44,176,33,0,0,0,0,2,21,87,13,0,0,0,0,0,0,
6,302.048,389.78,8.11101,183.951,0.0449394,1704449,-1,6,5,130,17,0,0,0,1,21,9,130,13,1,6,14,33,1,0,130,30,27,38,16,8,3,4,106,22,10,4,2,8,39,2,4,0,0,0,0,13,130,7,0,0,9,28,39,130,12,1,0,1,130,130,42,34,2,0,0,1,31,21,18,87,54,3,0,0,0,0,0,10,130,101,11,8,14,6,3,20,28,35,19,31,130,78,17,20,2,0,0,25,49,24,27,106,17,7,0,0,0,0,0,4,59,111,31,3,0,0,0,3,44,51,48,22,21,5,6,30,6,0,0,81,64,3,9,18,
7,481.283,187.789,4.66778,12.042,0.0499885,11928064,-1,44,85,32,0,0,0,0,5,26,35,14,44,11,0,0,1,44,15,15,46,18,0,0,2,26,3,2,27,28,0,0,2,91,12,2,2,4,1,2,45,57,15,25,129,86,5,0,13,129,57,37,76,17,1,0,4,44,12,7,126,76,0,0,0,92,24,8,8,11,3,1,34,45,4,9,61,129,34,1,15,129,11,3,41,65,9,0,22,45,12,4,129,129,0,0,0,37,54,31,14,1,0,1,6,18,3,23,63,56,20,6,8,119,11,4,66,53,7,3,18,25,8,2,111,97,0,0,0,
8,302.048,389.78,8.11101,348.791,0.0449394,1704449,-1,21,4,20,17,0,0,0,132,30,10,27,38,17,21,19,52,2,0,0,28,70,118,28,7,0,0,0,5,26,18,0,0,40,13,70,85,0,0,0,21,137,33,27,21,20,17,10,53,26,3,4,57,137,61,13,21,0,0,0,27,68,3,0,0,61,9,22,22,0,1,9,6,137,100,58,47,10,1,0,5,11,16,41,137,137,1,0,1,0,0,1,27,27,0,0,0,11,2,0,0,0,62,137,8,17,25,23,16,3,52,137,4,0,1,12,45,21,48,95,0,0,0,0,3,3,21,51,0,
9,150.991,198.82,1.87928,325.756,0.052353,12911103,-1,0,1,66,75,0,0,0,1,9,90,75,6,0,0,13,28,94,116,12,0,1,5,15,22,41,39,0,0,57,90,0,1,19,1,2,8,3,0,0,11,116,22,3,1,0,2,61,116,106,32,9,4,4,19,116,97,113,17,0,0,51,27,3,14,31,2,0,1,2,3,7,48,116,90,26,1,0,13,37,84,92,80,78,10,4,15,16,35,95,6,1,2,47,3,1,22,69,8,0,0,0,40,44,50,56,24,4,0,5,33,57,83,50,9,4,0,1,18,34,116,32,0,0,6,39,0,0,33,
10,150.991,198.82,1.87928,28.2666,0.052353,12911103,-1,1,4,115,78,0,0,34,17,14,73,115,10,0,3,40,5,5,75,43,0,0,28,51,3,0,19,5,0,0,75,53,0,31,14,98,115,10,0,0,2,115,90,69,11,1,2,4,79,23,86,60,65,22,7,8,31,26,115,29,8,1,8,3,0,19,18,1,13,31,3,0,0,81,115,85,9,1,1,0,7,60,63,106,82,9,1,14,38,112,67,10,9,1,1,16,36,0,1,0,0,27,27,1,0,16,26,10,0,0,4,1,1,88,110,39,1,0,0,5,19,95,45,36,4,1,0,6,28,
11,147.132,201.358,6.58988,159.278,0.0524524,3408129,-1,71,0,0,0,0,2,15,105,8,8,13,9,1,2,73,66,46,39,14,2,0,0,24,61,20,5,0,0,0,1,2,17,86,13,3,11,8,0,1,64,16,35,83,130,103,5,7,28,130,130,89,37,9,2,3,23,51,14,0,0,0,1,6,12,75,36,5,14,17,3,1,2,15,12,12,68,130,86,69,46,130,34,9,10,15,22,55,130,78,1,0,0,0,4,3,20,102,39,0,1,2,7,16,13,8,2,5,5,11,29,93,56,40,39,27,6,2,2,32,108,23,19,1,0,0,2,1,13,
12,147.132,201.358,6.58988,0.157967,0.0524524,3408129,-1,5,0,0,10,23,71,71,15,11,11,35,104,32,6,21,15,12,22,47,35,19,20,1,3,1,0,0,1,66,126,1,1,0,1,1,14,105,27,1,0,20,41,50,126,126,67,8,9,126,107,37,25,12,18,14,41,16,1,0,3,68,69,8,6,0,1,6,5,48,27,0,0,12,5,1,9,126,126,97,29,126,11,4,28,16,38,96,126,15,0,4,53,88,6,1,6,0,1,6,4,5,3,0,0,0,0,1,18,50,43,18,1,0,0,15,79,32,33,23,9,0,2,22,54,28,11,2,1,
13,522.018,180.711,11.682,93.7948,0.0445241,11404033,-1,0,0,0,0,63,11,0,0,36,0,0,1,143,24,0,3,143,8,10,4,34,18,8,27,4,7,39,14,33,39,17,3,0,0,0,0,60,19,2,0,42,1,0,0,143,93,4,7,143,24,3,1,34,44,30,58,16,9,10,15,37,111,78,10,0,0,0,0,27,19,1,0,8,0,0,0,106,143,41,7,104,30,13,27,18,60,75,45,11,15,59,143,32,8,3,2,0,5,5,1,9,6,0,0,0,0,1,4,57,27,5,0,0,0,2,67,106,20,12,2,3,0,8,128,41,25,4,3,
14,522.018,180.711,11.682,262.332,0.0445241,11404033,-1,10,4,1,6,8,1,54,134,62,14,9,2,1,1,26,115,71,16,4,0,0,0,1,29,20,1,0,0,0,8,11,3,38,34,8,3,16,14,73,91,16,55,53,59,124,21,20,21,131,134,31,10,7,0,0,4,36,11,0,0,0,0,0,0,27,134,43,21,19,6,7,6,68,34,19,121,134,4,1,6,134,30,2,10,17,0,0,32,46,7,1,0,0,0,0,3,22,19,3,13,32,18,38,12,90,5,2,62,122,3,2,22,134,1,0,2,4,0,0,55,23,5,0,0,0,0,0,2,
15,82.2471,198.674,1.91095,30.1207,0.0426449,14156287,-1,1,2,71,70,1,3,78,30,11,44,106,20,1,11,63,4,10,43,13,0,0,12,54,5,11,26,3,0,0,1,25,11,15,10,101,117,29,0,1,1,117,83,90,20,1,0,1,54,51,52,38,48,21,4,7,37,38,80,25,12,2,0,12,10,18,13,2,25,101,33,0,0,116,117,49,3,1,2,0,8,59,95,98,68,11,1,7,32,101,44,8,13,2,0,12,63,1,1,0,0,63,117,6,0,14,41,8,0,1,29,21,2,94,117,18,0,0,0,11,25,74,72,18,1,0,0,5,38,
16,78.4872,200.338,5.64552,165.12,0.0501935,8913664,-1,1,0,0,7,7,8,9,3,0,10,34,57,31,18,1,0,8,27,23,6,14,61,50,4,5,6,2,0,7,12,87,22,1,1,5,81,52,2,1,2,30,58,81,131,131,9,3,9,131,131,52,20,6,5,15,32,19,2,1,1,23,19,30,8,0,0,0,29,131,26,0,0,36,6,2,39,131,104,53,71,131,48,5,3,6,9,24,131,23,20,11,33,19,4,1,4,0,1,7,14,44,36,1,0,6,1,1,1,23,79,62,38,31,6,8,9,1,1,28,103,7,3,11,131,45,0,1,11,
17,77.8296,189.653,2.14658,88.8773,0.0404669,5833471,-1,3,0,1,42,23,0,0,5,5,2,5,72,27,0,1,14,39,4,10,104,18,1,1,34,18,7,26,66,38,1,1,34,14,4,1,20,46,6,0,4,24,6,4,126,130,2,0,6,130,12,6,57,58,6,0,44,25,4,10,60,130,42,1,17,4,2,1,2,32,52,3,0,21,2,1,19,130,104,6,3,130,50,0,4,40,51,6,13,39,24,0,1,101,130,22,2,5,1,0,0,5,32,6,0,1,0,0,0,13,130,19,1,47,61,0,0,7,130,12,4,24,124,0,0,1,39,17,1,
18,544.02,208.914,2.70332,75.0276,0.041355,5833727,-1,36,18,17,25,21,3,16,41,10,31,118,37,3,3,6,4,10,118,90,2,1,5,3,0,17,67,2,0,11,2,0,0,41,5,3,46,112,18,5,18,84,6,18,26,25,39,39,63,73,105,12,2,66,91,23,8,118,97,0,0,9,1,0,0,30,54,11,2,48,69,13,5,110,11,23,30,27,35,26,41,102,9,6,71,118,25,2,18,118,11,0,2,11,0,0,29,2,44,44,4,11,47,2,0,3,5,100,54,5,4,4,4,101,2,17,61,18,0,0,50,118,0,0,4,10,0,0,58,
19,544.02,208.914,2.70332,238.972,0.041355,5833727,-1,16,0,0,68,50,0,0,23,7,0,0,116,85,0,9,38,3,0,1,18,11,11,96,51,23,21,0,0,1,30,50,5,8,0,0,68,116,3,0,4,116,13,2,60,106,2,7,102,30,24,21,61,67,9,47,57,33,43,12,8,26,63,26,1,5,0,0,5,116,76,0,1,86,73,25,15,81,73,11,6,36,35,37,97,68,2,14,32,103,22,3,18,54,8,1,53,2,0,0,0,31,79,4,1,1,5,4,1,15,116,102,1,8,4,13,15,20,32,102,41,21,4,29,56,21,1,4,52,
20,567.464,182.257,12.0459,278.831,0.0423331,13632257,-1,14,67,59,12,22,4,16,7,67,33,12,21,144,10,2,2,144,73,0,0,13,0,0,0,24,14,1,0,0,0,0,0,48,77,9,3,18,13,52,21,61,12,5,7,144,47,18,14,144,42,0,0,24,4,3,31,45,19,1,0,0,0,0,1,43,144,32,5,9,3,1,1,45,47,19,13,78,33,65,76,130,11,0,0,5,7,39,144,29,14,1,0,0,0,0,5,44,96,8,1,18,18,9,9,123,121,3,0,0,0,8,24,51,44,1,0,0,0,4,16,7,18,16,8,0,0,0,0,
21,312.652,215.918,2.8333,212.278,0.0341678,9241599,-1,31,32,48,9,2,8,5,8,124,92,21,0,0,1,1,23,28,30,14,0,1,33,12,5,0,2,1,2,30,85,4,0,26,59,52,17,3,3,3,7,74,124,124,10,0,0,0,6,121,124,70,2,1,1,0,3,14,14,15,44,25,30,0,0,10,11,21,20,3,10,7,11,107,34,38,40,3,0,0,34,124,74,96,34,0,0,0,40,13,10,121,124,1,0,4,26,1,1,15,27,19,41,5,3,45,35,21,7,1,1,15,47,35,36,95,20,0,0,37,124,6,2,33,20,1,0,39,124,
22,271.974,350.673,71.9298,115.169,0.0347464,9175556,-1,2,1,0,0,68,129,2,1,93,90,0,0,26,89,2,5,81,72,0,0,0,1,0,0,1,0,0,0,0,0,0,0,0,0,0,2,66,129,4,0,51,30,0,9,129,129,1,5,129,80,0,2,13,3,1,14,19,2,0,0,0,0,0,2,0,0,0,76,129,32,1,0,30,1,0,73,129,21,18,40,129,67,0,1,9,3,7,68,32,53,4,0,0,0,0,1,9,3,0,63,129,27,4,9,19,7,6,47,27,13,76,51,20,29,40,20,5,5,19,33,10,41,57,21,0,0,0,0,
23,282.054,406.583,18.2674,93.1017,0.0353707,10289666,-1,0,0,0,13,14,6,25,8,119,4,0,0,1,6,31,14,151,14,0,0,2,2,1,4,16,0,0,1,89,41,0,1,2,17,20,8,2,7,33,23,95,15,11,35,9,11,27,16,151,28,1,1,2,1,1,7,29,1,0,16,123,8,0,0,3,32,44,6,0,0,2,8,91,15,17,15,4,1,5,80,151,5,0,0,2,1,0,72,31,0,0,3,151,12,0,2,2,2,2,1,0,0,57,118,28,1,0,0,0,0,97,151,122,0,0,0,1,0,12,102,14,0,0,0,111,14,0,4,
24,361.113,204.949,1.89279,52.4209,0.0364586,13435391,-1,1,4,1,20,115,5,0,0,60,11,1,42,146,15,0,0,146,35,1,3,4,1,0,0,27,4,9,27,4,0,0,0,16,40,1,2,83,44,0,0,60,4,0,2,146,146,5,7,146,26,1,4,12,19,5,18,33,11,12,82,64,0,0,0,88,51,0,0,11,20,2,5,14,1,0,0,65,146,40,17,124,2,0,3,16,51,58,100,19,2,0,19,143,11,1,9,63,6,0,0,0,1,6,26,9,2,0,0,3,33,14,2,1,0,0,1,15,28,24,12,3,0,0,1,60,42,6,8,
25,74.4919,284.727,23.5355,76.3614,0.0343383,11928322,-1,0,4,9,12,8,2,10,3,0,0,2,43,66,38,2,0,8,4,6,20,39,86,48,28,8,3,0,4,2,2,43,98,0,26,130,37,4,0,0,0,12,10,110,130,26,0,0,0,130,39,48,72,7,2,3,40,26,0,0,24,23,9,5,46,0,4,130,65,15,69,21,0,59,12,105,130,6,33,47,8,130,98,15,12,0,2,10,20,27,38,17,5,31,21,2,4,0,3,73,5,3,60,28,0,9,16,64,2,1,52,109,7,53,87,51,0,0,5,54,24,8,69,84,7,5,1,0,3,
26,74.4919,284.727,23.5355,314.621,0.0343383,11928322,-1,9,0,1,30,2,0,0,78,33,6,49,127,3,0,0,41,118,12,36,27,0,0,1,115,20,0,0,0,0,0,21,108,3,0,0,56,34,32,63,71,81,4,7,69,20,103,77,17,127,34,3,1,0,7,9,75,33,29,2,0,0,0,3,29,5,4,4,2,4,25,105,71,17,2,3,1,4,127,127,16,127,45,10,3,5,60,43,35,23,64,73,8,0,0,0,0,6,54,55,3,0,1,1,8,13,31,18,2,22,32,3,0,5,5,13,29,88,32,7,3,1,9,127,51,25,21,5,0,
27,554.262,197.533,2.77615,253.951,0.0398745,7734271,-1,1,0,1,2,29,50,130,19,41,5,20,52,94,47,14,21,130,7,5,17,5,1,0,130,36,1,0,17,21,0,0,43,2,0,0,0,56,55,20,3,61,9,0,1,130,130,7,10,130,43,0,1,9,17,6,40,35,5,1,56,61,0,0,3,5,2,0,0,14,18,0,1,9,0,0,0,65,130,55,22,106,3,0,9,10,32,60,119,16,1,0,114,107,0,0,6,2,5,1,0,0,1,0,0,0,1,1,1,2,19,16,2,1,0,0,39,37,4,19,13,0,0,0,130,114,0,0,1,
28,554.262,197.533,2.77615,47.4486,0.0398745,7734271,-1,0,0,0,0,0,0,22,137,0,2,13,12,0,0,24,137,2,17,18,3,0,0,4,31,1,2,0,0,2,2,2,1,0,0,0,15,15,0,13,137,10,21,56,137,64,0,3,18,114,114,61,30,3,0,0,2,22,7,0,0,4,1,0,0,0,0,18,117,36,0,2,15,64,8,11,137,137,0,1,11,137,24,6,15,9,0,0,43,34,1,1,4,3,0,0,3,4,0,45,137,8,0,9,23,47,4,16,84,22,6,58,52,137,55,29,2,1,0,4,47,10,33,16,3,0,0,0,1,
29,319.307,216.617,10.7062,23.1197,0.037922,5112577,-1,6,4,4,13,26,14,4,9,49,43,6,2,1,1,11,38,47,20,2,0,0,33,39,21,14,4,1,1,3,29,54,63,62,10,19,26,6,3,5,37,43,27,53,63,47,35,15,60,129,79,37,12,5,6,15,47,35,1,1,5,4,14,54,49,129,9,10,7,2,9,9,118,52,5,5,12,50,129,86,79,129,16,4,4,6,43,67,129,45,3,7,20,14,0,1,9,129,28,1,0,0,3,7,78,38,33,6,3,0,45,46,23,9,1,27,77,3,12,48,45,3,1,129,129,2,0,0,3,
30,361.113,204.949,1.89279,200.822,0.0364586,13435391,-1,46,3,8,17,6,2,4,79,49,5,13,12,1,0,0,63,24,25,15,3,0,0,0,4,5,2,0,4,4,0,0,1,8,0,0,17,16,8,43,108,18,21,43,130,53,0,2,26,130,98,46,33,3,0,0,2,25,6,3,36,18,0,0,1,0,0,0,104,74,2,13,10,67,6,5,130,119,0,0,24,130,15,4,14,6,0,0,60,28,2,2,42,91,1,0,3,0,0,0,130,83,0,1,7,42,0,0,57,44,1,4,130,107,0,0,0,3,2,1,130,5,0,1,9,124,8,0,4,
31,325.023,215.733,2.15466,342.068,0.0354225,6095615,-1,7,10,9,4,4,24,8,2,8,73,22,0,0,55,44,8,35,140,28,0,1,27,7,1,45,78,9,0,0,3,6,4,35,7,2,0,5,38,9,4,140,11,0,0,1,91,55,44,87,49,0,0,4,140,46,32,140,36,0,0,0,8,22,53,31,14,4,3,22,15,1,4,140,22,0,0,6,23,10,32,80,1,0,0,2,140,71,55,86,0,0,0,0,20,36,107,17,1,0,2,15,12,10,31,140,1,0,0,2,1,2,137,64,0,0,0,1,36,32,40,3,0,0,1,2,12,26,25,
32,365.954,263.104,10.656,270.463,0.0396613,4784897,-1,22,5,2,6,41,4,0,4,41,4,0,12,140,14,0,6,146,17,0,2,11,3,0,22,68,16,3,0,0,1,1,3,20,36,12,4,40,19,1,1,41,18,0,28,146,67,13,8,146,55,0,7,11,7,9,38,92,7,3,10,3,0,0,11,69,55,23,7,8,11,2,22,49,13,0,0,26,110,110,50,146,15,2,0,2,16,79,146,48,6,5,13,30,12,0,19,96,138,29,3,1,1,1,16,56,52,1,0,0,4,24,22,18,56,45,2,3,11,11,21,3,37,85,8,5,7,0,1,
33,81.0638,204.917,1.96854,96.3039,0.0342691,16318975,-1,19,53,90,20,7,5,0,0,13,75,70,11,8,3,0,0,2,36,27,6,38,18,0,0,6,38,4,1,9,5,0,0,33,50,64,62,48,25,1,0,45,92,130,111,0,0,0,0,130,126,39,14,24,20,1,3,38,25,1,1,34,22,0,1,0,11,103,101,9,0,1,3,105,28,105,29,0,0,0,64,130,24,6,3,26,4,0,91,46,3,0,2,67,10,0,6,0,1,7,2,0,2,90,44,46,0,1,0,0,0,42,130,88,0,0,7,29,1,1,130,16,0,0,6,44,4,1,13,
34,307.061,378.649,2.06999,151.264,0.0361985,3212031,-1,4,0,0,0,1,0,2,7,4,0,0,0,0,1,23,26,105,4,0,0,0,6,25,27,131,14,0,0,0,0,0,31,22,1,0,0,0,0,2,25,76,2,0,0,4,16,59,131,66,15,0,0,52,104,73,28,131,108,0,0,5,5,1,1,54,10,0,0,0,0,0,4,131,27,0,0,8,12,6,37,50,8,0,0,94,131,38,15,75,121,4,0,9,56,41,4,31,10,1,0,0,0,0,0,131,121,7,0,0,2,1,7,31,109,33,0,1,62,39,7,1,19,17,2,5,123,49,1,
35,533.842,210.319,6.29791,206.695,0.0350804,131329,-1,1,1,65,96,1,0,18,35,3,2,21,41,2,0,72,122,14,4,1,4,1,2,126,126,1,0,0,0,2,29,126,45,1,1,6,22,6,1,64,126,21,32,41,47,5,0,47,92,126,83,13,2,0,4,25,56,25,2,0,0,11,64,26,8,0,0,0,30,82,22,16,42,42,7,8,38,26,8,7,38,126,19,3,1,0,1,2,62,56,4,6,18,23,31,3,5,0,0,0,1,93,35,9,6,21,0,4,2,13,13,27,87,100,19,59,19,0,0,1,61,15,11,104,126,5,1,0,1,
36,110.362,173.757,2.63227,136.662,0.0361213,3867647,-1,28,11,5,12,2,0,0,1,11,5,17,25,1,0,0,1,3,33,26,7,1,1,1,1,1,4,1,1,5,4,1,0,59,5,3,40,6,0,0,5,18,21,53,155,22,0,0,1,137,121,62,41,1,0,0,2,27,11,0,0,1,1,0,1,28,6,9,155,26,0,0,2,92,18,21,155,48,0,0,10,155,27,10,16,0,0,0,47,40,1,0,0,1,1,0,6,2,2,11,155,25,0,0,1,150,3,3,95,15,0,0,63,155,1,1,0,0,0,0,96,14,0,1,1,1,1,1,6,
37,110.362,173.757,2.63227,359.277,0.0361213,3867647,-1,0,0,0,0,132,150,0,0,150,15,0,0,47,90,2,4,150,23,0,0,1,15,4,12,26,4,0,0,4,33,4,4,0,0,0,0,78,150,0,0,94,6,0,0,70,150,19,18,150,31,0,0,1,21,11,26,34,3,0,0,7,55,5,4,0,1,1,1,12,42,0,0,11,0,0,0,23,150,60,18,138,3,0,0,0,39,72,99,28,1,0,0,2,21,4,8,1,1,1,0,0,1,0,0,1,2,2,0,0,21,20,2,2,2,2,1,1,7,37,19,1,0,0,1,2,2,2,3,
38,533.523,210.715,6.03776,204.722,0.0358031,13828864,-1,0,0,82,92,1,0,23,34,1,1,44,49,1,0,90,110,9,5,5,12,0,2,124,124,1,0,0,0,1,15,124,53,0,0,11,32,3,0,83,124,10,19,68,73,3,3,77,100,124,91,33,8,0,7,33,54,26,4,0,0,11,57,23,6,1,2,4,59,71,17,12,41,28,9,20,51,11,27,13,22,124,18,6,3,0,5,5,58,62,2,0,2,15,39,2,4,0,1,0,13,89,33,7,7,18,2,2,2,11,8,24,78,112,10,24,6,0,0,2,82,28,11,61,72,6,4,0,2,
39,334.218,205.355,1.74534,342.683,0.0372869,7602687,-1,0,0,1,1,76,148,0,0,40,20,1,2,43,94,0,0,148,88,0,0,2,1,0,0,48,17,2,0,0,0,0,0,0,22,15,2,52,100,0,0,32,6,0,0,148,148,3,3,148,31,0,0,17,24,4,14,96,6,0,2,1,0,0,4,21,91,9,0,9,13,1,1,18,10,1,0,78,148,18,8,148,1,0,0,11,88,37,70,85,3,1,8,4,0,0,5,48,20,0,0,0,13,20,21,40,4,0,0,2,54,14,13,32,0,0,0,1,53,49,37,24,1,0,8,20,1,3,13,
40,312.652,215.918,2.8333,143.408,0.0341678,9241599,-1,8,10,5,37,35,4,2,2,40,31,7,2,4,9,12,28,50,17,2,4,4,2,53,76,103,7,0,1,1,1,44,89,8,25,11,11,5,4,21,10,63,51,21,0,0,1,57,43,127,27,1,0,0,0,46,127,33,1,0,5,15,3,59,74,58,19,0,0,0,88,62,42,66,65,1,0,0,2,127,127,97,19,1,1,0,0,67,127,22,1,1,36,29,1,1,17,14,16,4,0,1,127,56,2,45,127,2,0,0,68,42,16,11,127,36,6,0,3,6,15,0,10,24,102,17,0,0,1,
41,313.371,211.818,1.99458,228.111,0.0385796,525055,-1,4,27,126,27,3,0,0,0,95,131,73,7,0,0,0,0,59,52,9,28,1,0,0,0,0,1,8,128,8,0,0,1,13,4,10,31,29,0,0,2,131,41,12,8,2,0,0,18,93,29,55,131,0,0,0,3,18,5,35,131,0,0,0,48,20,1,4,24,10,0,3,8,129,38,57,31,1,0,0,16,29,12,82,131,0,0,0,91,36,1,9,25,1,0,0,131,3,1,11,17,3,3,7,7,12,7,37,18,0,0,3,97,20,1,10,8,0,0,0,131,9,0,0,5,7,0,0,109,
42,320.893,262.981,10.8346,267.089,0.0395125,5964545,-1,98,27,11,1,0,2,19,130,43,33,55,19,2,0,2,31,22,15,11,16,7,4,51,78,2,1,2,3,1,22,69,50,22,23,7,13,16,13,50,29,37,104,110,76,33,1,3,8,146,146,40,4,1,0,5,23,25,11,6,43,30,8,5,8,7,10,7,28,68,6,13,4,74,19,16,52,146,29,3,27,146,55,7,3,4,3,1,66,60,6,0,7,30,44,8,4,16,2,1,9,61,4,0,4,90,5,0,19,119,8,0,14,146,8,0,1,2,1,0,38,36,15,3,0,0,3,2,3,
43,526.885,196.062,11.9577,93.3776,0.0361889,13107969,-1,14,0,0,5,127,9,0,1,127,11,10,5,45,7,2,14,14,11,51,17,43,38,4,3,41,3,4,4,65,33,2,22,18,0,0,0,127,41,0,3,127,7,1,1,53,35,20,53,21,6,10,7,29,124,85,15,28,25,4,6,99,46,15,2,6,0,0,0,118,114,17,3,127,31,8,7,24,60,54,42,27,23,56,104,39,33,19,5,8,7,10,81,127,17,8,26,0,0,0,1,32,35,7,0,3,1,3,52,62,26,27,7,2,1,22,127,34,11,2,2,70,3,8,57,9,2,2,37,
44,287.576,244.913,1.70912,320.813,0.0401009,6095359,-1,36,7,1,21,15,0,0,16,16,3,4,106,23,0,0,12,64,4,11,108,9,0,0,54,32,0,0,4,0,0,0,128,30,61,9,17,10,0,0,0,29,19,7,128,149,2,0,0,151,13,5,41,27,0,0,43,78,2,0,0,0,0,0,31,83,32,9,9,12,2,0,8,63,5,0,10,151,30,1,8,151,2,0,2,41,6,0,18,76,0,0,0,0,0,0,6,110,5,2,1,8,1,0,16,51,1,0,0,151,25,1,9,151,0,0,0,31,8,1,31,52,1,0,0,0,0,0,4,
45,521.872,203.744,17.6448,316.014,0.0362173,7799298,-1,11,21,22,59,19,0,0,7,89,120,20,4,1,0,1,37,19,83,87,9,1,0,2,14,0,55,33,0,0,1,1,1,19,15,14,26,67,58,4,5,120,94,21,9,14,21,5,28,27,74,98,39,74,66,5,9,3,120,53,3,14,11,0,0,20,4,1,1,86,68,13,13,90,120,43,5,38,39,29,10,18,77,90,35,48,49,7,3,38,110,13,4,21,74,15,10,20,3,2,0,14,36,34,12,2,13,7,1,46,105,71,1,5,66,79,8,53,40,8,1,14,68,105,4,3,17,9,7,
46,140.426,194.11,1.9264,36.0574,0.0381556,14746111,-1,2,1,0,4,4,1,0,1,2,0,0,44,96,4,0,1,86,0,0,32,68,2,4,94,26,0,13,134,31,0,5,69,0,0,2,27,12,2,0,0,19,5,5,134,109,10,1,2,134,18,7,44,60,2,1,26,25,1,1,134,134,6,0,4,0,0,0,10,20,25,2,0,14,1,1,31,60,134,22,11,134,7,1,6,40,43,18,39,22,1,0,5,134,102,1,1,0,0,0,1,2,5,1,0,1,0,1,0,19,57,6,1,71,1,0,0,13,38,10,22,26,0,0,0,76,134,2,4,
47,387.393,343.956,4.34941,141.08,0.037729,6816256,-1,26,0,0,0,0,0,1,11,149,0,0,1,22,1,0,62,43,0,0,19,149,2,0,14,0,0,0,7,58,1,0,0,51,0,0,0,0,0,2,16,149,12,2,13,39,0,0,41,38,3,2,61,149,1,0,5,0,0,0,11,56,2,0,0,45,4,0,0,0,1,2,17,149,72,17,41,23,4,4,25,9,12,11,139,149,9,1,1,0,0,0,20,22,0,1,4,5,0,0,0,0,0,20,134,19,6,2,3,43,36,63,142,1,1,1,9,149,57,10,4,1,0,0,1,11,3,8,11,
48,150.545,205.573,1.87848,80.6044,0.0397626,12911103,-1,20,41,96,29,29,8,0,6,17,127,66,7,4,2,0,7,5,83,19,4,52,26,0,0,23,25,2,3,29,11,3,4,33,66,66,84,48,8,0,7,41,112,123,108,9,1,0,9,127,127,31,22,42,3,0,1,47,33,3,9,66,5,0,2,0,25,58,36,0,0,2,1,84,31,78,30,0,0,0,30,127,29,6,5,33,2,0,71,66,2,0,2,64,6,1,16,0,0,0,0,0,3,32,15,62,0,0,0,0,0,19,127,127,0,0,18,31,0,1,127,41,0,0,14,31,0,1,22,
49,387.393,343.956,4.34941,333.583,0.037729,6816256,-1,35,32,9,15,0,0,0,0,115,130,26,35,5,3,1,3,4,11,18,147,52,17,2,2,0,0,1,41,14,1,0,0,37,6,1,4,1,0,0,9,147,30,3,3,10,22,13,76,23,2,2,9,147,131,17,24,0,1,1,5,40,11,0,0,38,6,0,1,0,0,0,8,147,57,0,0,17,7,2,18,68,14,0,1,147,70,2,6,0,0,1,7,84,10,0,0,15,5,1,1,0,0,0,1,147,63,0,1,7,0,0,0,76,26,1,2,147,19,0,0,0,0,0,1,93,7,0,0,
50,325.023,215.733,2.15466,114.14,0.0354225,6095615,-1,2,26,39,43,0,0,0,0,28,39,103,57,0,0,0,0,56,46,29,18,0,0,0,1,1,1,83,52,0,0,1,1,11,14,36,134,57,0,0,0,134,54,71,87,9,0,0,11,98,26,60,134,3,0,0,4,1,2,134,134,1,0,1,3,23,3,1,57,134,15,0,1,134,56,29,54,25,0,0,8,26,14,30,134,10,0,0,7,6,2,9,44,7,1,4,22,8,3,0,1,134,65,0,0,47,36,12,20,29,7,0,1,30,8,7,35,5,0,0,5,18,7,2,5,16,16,7,8,
51,217.043,367.304,23.296,148.815,0.0395659,11207426,-1,17,48,20,29,15,2,1,7,138,138,12,3,1,0,0,13,72,110,20,3,0,11,7,7,0,26,46,2,0,75,34,0,41,6,11,48,11,2,0,3,138,38,7,10,0,0,0,54,88,24,56,138,4,0,0,22,2,91,138,58,1,1,1,2,23,3,0,2,8,13,68,33,138,111,17,13,1,6,43,39,29,38,30,129,20,7,37,29,5,17,21,22,7,29,56,21,3,1,22,22,2,18,67,81,19,34,37,9,1,12,62,59,25,33,19,13,1,1,20,37,28,23,1,0,3,51,34,11,
52,153.266,200.891,1.75689,2.8899,0.0398463,8061439,-1,79,42,24,1,0,0,9,112,52,96,8,10,4,5,22,58,33,78,2,2,7,51,1,0,3,6,0,0,29,112,0,0,112,112,38,4,0,0,4,37,31,79,112,76,7,4,18,22,112,112,19,9,2,3,2,7,21,9,0,0,31,76,0,0,98,70,11,0,0,0,2,42,74,48,34,9,0,11,71,86,112,15,3,1,0,3,19,82,30,2,0,9,12,13,1,10,50,50,1,0,0,2,55,27,84,87,18,2,0,2,16,105,86,4,10,14,0,1,1,84,7,0,14,72,2,0,0,4,
53,293.554,254.496,1.82983,329.798,0.038596,11010559,-1,67,27,0,0,1,19,12,22,32,61,17,7,58,33,3,4,137,6,5,3,26,21,4,40,67,2,0,0,0,0,0,8,137,15,1,0,8,81,24,26,23,40,49,17,60,137,7,5,137,52,23,5,7,9,2,20,68,3,1,0,0,0,0,11,137,15,0,0,21,50,10,12,45,5,1,1,117,137,11,13,137,9,1,0,22,47,12,49,64,8,3,0,0,0,0,2,104,15,0,0,29,21,1,5,43,9,0,1,124,34,1,2,137,0,0,0,42,16,2,15,45,1,0,0,0,0,0,7,
54,214.685,287.03,2.87006,23.0996,0.0399718,10159103,-1,13,4,1,0,0,0,0,1,35,3,0,0,0,0,5,53,74,12,0,0,1,7,21,54,120,70,0,0,0,1,1,2,23,5,0,0,0,0,1,6,120,18,0,1,2,4,16,120,36,8,1,3,77,64,47,80,120,68,2,0,16,8,1,1,18,1,0,0,0,1,43,63,120,117,9,2,3,15,79,40,30,74,34,44,96,12,9,7,120,34,1,8,25,1,0,0,102,0,0,0,0,3,47,120,18,11,2,0,1,98,120,48,4,14,13,11,21,111,75,2,98,10,0,3,10,15,1,2,
55,511.611,242.077,2.11713,177.756,0.0384368,4850431,-1,1,11,91,3,1,6,12,6,24,29,115,7,2,14,8,10,62,47,51,0,0,1,27,63,12,23,13,0,0,6,45,19,1,38,119,19,1,3,5,3,61,51,80,40,4,9,4,20,132,67,6,1,1,3,21,63,32,1,0,11,38,30,45,15,27,25,46,20,3,1,0,4,132,24,27,5,0,0,2,132,132,10,1,3,3,0,1,132,33,1,1,43,96,1,0,8,23,4,1,2,1,0,14,43,132,11,0,0,0,0,4,132,132,12,20,16,1,0,0,59,3,1,11,84,63,0,0,1,
56,393.915,252.658,1.92763,65.651,0.0346793,14746111,-1,24,27,3,16,55,77,3,1,47,56,5,15,56,20,2,1,71,45,3,7,28,31,6,8,51,85,0,0,8,28,2,2,8,5,0,0,18,143,12,1,45,24,12,50,59,143,14,4,143,21,4,22,30,47,10,30,51,48,0,0,68,108,5,8,0,0,0,0,6,107,2,0,13,0,0,3,28,143,30,7,143,50,0,2,10,106,51,32,38,46,2,1,84,92,1,1,0,0,0,3,4,9,0,0,0,0,0,1,4,87,8,0,10,13,0,0,2,143,31,4,6,38,8,6,38,47,2,1,
57,293.554,254.496,1.82983,118.42,0.038596,11010559,-1,0,0,0,4,5,4,1,0,0,0,1,93,34,1,0,0,42,2,3,120,35,0,0,39,38,0,0,20,29,3,3,68,0,0,2,47,20,2,1,0,16,7,10,130,109,2,1,1,130,23,16,79,16,1,1,44,47,2,2,81,57,0,0,26,2,1,4,130,41,0,0,1,29,3,5,130,102,48,22,16,130,36,6,32,21,21,12,18,61,22,9,130,71,0,0,4,35,4,6,130,63,0,0,15,63,4,4,25,52,21,8,46,57,36,10,48,55,12,2,2,31,47,13,104,52,3,2,1,
58,508.893,237.471,4.55089,187.068,0.0361508,10093056,-1,1,8,128,63,9,4,3,0,77,74,76,4,0,1,13,13,35,13,6,8,6,2,19,21,2,8,3,1,30,25,8,1,29,22,82,117,31,1,0,5,134,80,40,11,4,0,0,22,90,34,28,96,46,1,1,9,47,39,8,8,23,9,0,2,41,5,8,29,24,49,34,25,134,115,57,13,1,1,4,28,83,62,87,72,8,0,0,35,80,26,47,7,10,2,0,28,2,3,60,32,4,15,29,3,9,78,81,4,0,1,30,3,20,93,134,0,0,4,14,7,6,49,134,3,0,1,1,3,
59,393.915,252.658,1.92763,201.747,0.0346793,14746111,-1,59,0,1,56,63,0,0,42,74,3,3,34,63,4,2,66,129,33,5,20,29,1,0,2,40,6,0,0,0,0,0,2,113,7,10,59,54,0,0,56,63,19,28,148,47,1,3,31,148,76,21,66,12,0,1,10,80,5,0,0,0,0,1,4,52,9,12,85,49,2,3,18,27,7,11,148,36,11,59,63,148,20,3,14,5,3,18,44,97,3,0,0,0,0,0,4,12,1,0,11,47,5,3,26,27,4,2,55,65,5,14,52,148,18,2,17,15,2,3,24,80,2,0,0,0,0,0,4,
60,210.121,348.848,7.1555,118.291,0.0357728,9371905,-1,16,0,0,0,1,1,0,5,143,0,0,0,0,0,0,107,135,0,0,0,0,2,3,102,0,0,1,2,1,6,4,4,37,0,0,0,2,1,2,9,143,22,7,0,0,0,0,58,143,26,92,27,0,1,0,18,0,0,127,67,1,2,0,0,19,0,0,0,1,3,100,51,143,67,39,1,0,1,43,51,24,40,143,45,0,2,17,10,0,0,132,76,7,21,11,1,0,0,0,1,6,18,123,37,3,2,2,0,3,20,93,24,1,1,5,1,8,7,44,21,0,0,0,0,3,30,30,14,
61,208.324,295.118,6.05942,37.2478,0.0346624,14091008,-1,5,2,2,3,1,0,0,1,126,9,0,0,0,0,1,44,118,115,10,1,0,1,2,30,21,56,57,23,4,4,5,2,23,1,1,2,1,0,0,12,126,8,0,0,0,5,28,126,75,29,2,1,20,82,67,53,93,55,2,1,6,12,17,9,31,1,0,0,0,0,30,39,126,28,1,0,1,3,11,106,88,21,7,14,125,71,12,13,41,108,35,8,63,15,1,0,4,0,0,0,0,0,126,89,59,8,4,0,0,0,53,119,18,11,16,26,55,23,5,5,0,13,31,17,88,61,0,0,
62,334.218,205.355,1.74534,133.371,0.0372869,7602687,-1,0,0,0,4,4,1,12,39,2,9,16,84,26,0,1,4,34,66,26,29,3,0,0,0,4,7,8,36,5,0,0,0,0,0,1,55,31,0,2,3,28,24,21,143,99,0,0,1,143,91,21,42,9,0,0,4,17,9,6,47,54,4,0,0,0,0,0,118,122,1,0,0,87,6,3,143,143,0,0,11,143,14,2,7,6,4,0,27,23,1,0,2,64,43,1,3,0,0,2,97,143,0,0,0,69,5,0,39,75,1,1,6,143,20,0,0,0,2,1,4,29,1,0,0,14,46,3,3,
63,301.99,350.464,4.33264,41.7775,0.0385753,6488576,-1,1,149,28,0,0,0,0,0,20,113,44,16,76,22,1,2,3,1,1,2,129,81,1,1,0,0,0,0,10,13,1,0,27,38,3,0,0,0,0,0,149,52,4,0,21,22,4,30,31,1,0,0,149,108,5,12,0,0,0,0,44,12,0,0,33,11,2,1,0,0,0,0,149,45,0,0,19,8,0,7,67,8,0,0,149,75,1,3,0,0,0,0,75,15,0,0,15,6,1,0,0,0,0,0,149,65,0,0,6,1,0,0,77,24,0,1,149,39,0,0,0,0,0,0,85,20,1,2,
64,194.465,259.173,44.4009,202.822,0.0350139,7734019,-1,5,92,120,27,4,2,1,2,13,60,58,43,12,1,5,11,15,38,34,19,5,4,17,38,2,2,6,79,45,30,13,8,22,34,18,3,2,62,101,33,47,53,49,26,19,37,31,27,120,54,36,11,5,11,15,43,19,6,3,12,26,116,62,21,0,0,1,4,3,41,120,38,15,2,1,4,37,120,70,14,120,112,25,1,11,73,11,15,15,54,95,65,24,15,4,4,1,2,3,18,12,3,16,16,2,1,1,3,21,88,32,13,1,19,14,0,10,120,110,5,1,11,50,17,0,22,120,43,
65,194.465,259.173,44.4009,340.491,0.0350139,7734019,-1,47,15,6,8,6,13,49,48,8,15,3,9,66,117,58,11,117,117,6,2,29,25,1,5,46,102,29,0,0,0,0,2,108,71,22,21,5,3,19,24,14,16,32,117,96,17,3,4,117,28,7,43,33,5,1,26,66,23,15,3,1,2,8,17,11,14,33,19,31,30,36,18,8,3,14,88,67,80,25,9,117,116,45,29,11,9,14,21,34,117,42,0,0,1,7,6,1,17,37,6,6,30,59,6,1,2,7,13,71,77,44,14,30,47,28,28,72,56,5,2,61,117,37,6,0,1,1,1,
66,301.99,350.464,4.33264,208.837,0.0385753,6488576,-1,30,1,1,0,0,1,0,4,160,0,0,1,21,0,0,41,50,0,0,19,160,1,0,10,0,0,0,4,66,1,0,0,52,0,0,0,0,0,0,8,160,3,1,13,35,0,0,37,45,2,0,69,160,0,0,4,0,0,0,6,60,3,1,0,66,5,0,0,0,0,0,4,160,33,5,32,34,3,0,9,18,7,3,98,160,23,0,0,0,0,0,5,27,10,1,0,41,11,0,0,0,0,0,1,160,23,1,3,9,14,7,23,20,2,0,5,59,160,15,13,0,0,0,0,17,69,1,0,
67,303.481,379.084,2.50423,273.541,0.0331471,263167,-1,0,0,0,1,6,26,117,66,10,1,0,5,66,121,59,8,63,6,1,2,28,40,15,47,2,0,0,1,101,71,5,4,0,0,8,75,20,5,14,11,18,7,4,121,121,14,1,4,121,24,4,21,43,10,3,20,10,2,1,14,121,35,1,2,0,1,107,121,2,0,0,0,50,25,33,121,10,0,0,31,98,22,47,76,9,0,0,45,4,2,20,121,96,0,0,0,0,5,76,50,0,0,0,0,20,68,47,12,0,0,0,2,8,23,93,78,0,0,0,2,0,0,15,68,2,0,0,0,
68,374.038,216.314,10.4675,152.454,0.0333197,3474177,-1,104,15,21,32,1,1,1,54,117,10,31,11,0,0,2,117,8,32,49,5,5,33,11,24,3,5,1,0,11,117,69,0,117,1,1,5,5,8,19,117,79,17,66,117,69,20,3,40,117,112,85,37,8,5,3,11,51,12,0,0,5,17,11,5,117,13,0,1,4,13,15,27,64,14,2,20,67,117,42,17,117,29,13,6,11,45,42,72,58,49,21,3,0,2,6,6,44,28,2,1,5,8,6,4,36,57,33,32,19,21,4,1,19,29,53,57,18,11,5,7,25,71,48,18,2,0,0,1,
69,196.528,206.879,5.90203,357.353,0.03364,12124928,-1,0,0,0,6,36,1,0,1,3,1,1,3,1,1,15,15,124,1,0,0,0,2,17,36,138,18,0,0,0,1,2,32,21,1,0,14,40,0,0,11,90,3,0,1,5,20,74,138,87,17,0,1,40,80,91,55,133,90,2,0,2,1,1,15,52,5,0,6,38,0,0,3,138,34,0,1,27,8,6,37,56,30,2,18,138,33,7,7,93,101,3,5,15,0,0,2,43,1,0,3,29,0,0,1,138,10,1,15,23,0,0,11,38,17,2,82,138,0,0,2,61,102,2,9,14,0,0,1,
70,309.314,276.656,1.71693,313.821,0.0331648,6423039,-1,0,0,2,114,52,0,0,0,40,5,5,43,33,3,0,5,163,11,1,1,2,0,0,17,61,6,0,0,0,0,0,2,0,0,12,49,81,75,13,0,65,25,35,65,19,45,9,3,163,39,6,4,1,2,1,9,73,4,1,1,1,0,0,5,0,3,3,11,26,146,45,0,69,3,2,20,95,163,29,14,163,4,0,1,8,10,3,28,64,5,1,1,2,0,0,3,0,31,42,50,21,6,1,0,41,0,2,47,106,32,3,15,163,0,0,1,8,6,1,39,41,0,0,0,2,0,1,8,
71,118.81,395.428,35.3349,89.0119,0.0333028,7930371,-1,61,17,3,1,1,26,39,39,38,67,19,2,7,15,34,91,104,116,8,2,47,4,4,39,6,4,0,2,101,12,0,1,44,2,1,2,13,26,40,103,39,25,5,21,110,33,13,25,131,76,2,6,29,11,0,10,30,3,0,1,43,31,0,1,74,69,17,16,23,12,5,24,42,7,4,15,131,62,3,21,131,15,3,25,20,11,1,50,29,2,5,51,23,2,0,2,54,97,44,7,3,2,4,6,17,34,103,47,31,12,0,2,100,85,71,100,10,2,0,4,4,4,22,131,10,0,0,0,
72,270.581,229.201,2.16049,93.3097,0.0336578,6292223,-1,4,9,18,1,1,26,48,23,32,21,29,8,6,27,8,2,142,24,7,2,1,14,47,52,11,0,0,1,1,119,109,12,65,0,0,0,8,101,54,101,40,16,3,4,78,142,22,9,142,41,1,1,7,18,14,43,75,2,0,0,0,49,43,15,73,0,0,0,4,40,13,108,7,0,0,0,28,142,88,21,142,2,0,0,2,46,99,142,53,9,0,0,0,1,2,16,15,0,0,0,0,5,12,46,0,0,0,0,0,32,43,2,2,0,0,0,0,7,52,27,4,2,0,0,0,1,6,7,
73,413.431,297.392,30.4274,247.702,0.0340577,13828355,-1,23,3,2,50,77,15,11,16,122,69,6,1,0,1,7,86,33,45,16,18,7,4,26,47,85,7,1,6,8,4,7,56,85,10,5,25,12,14,27,42,65,122,13,0,0,83,53,24,122,122,14,3,1,6,11,60,59,8,28,12,3,1,4,82,122,57,0,3,2,7,11,28,70,55,1,0,0,122,88,35,122,18,2,1,2,27,43,83,33,17,30,13,7,14,13,7,74,77,0,0,0,1,3,68,69,87,1,0,1,6,23,95,37,23,13,12,4,4,13,29,12,47,33,3,1,5,14,11,
74,413.431,297.392,30.4274,7.50381,0.0340577,13828355,-1,2,3,40,10,9,31,15,18,11,7,24,23,21,41,9,8,8,6,27,49,48,10,3,4,4,22,20,7,11,13,34,8,2,24,122,37,10,6,10,3,9,22,123,123,31,6,2,1,87,53,117,86,10,0,0,5,11,52,76,62,33,0,2,2,9,40,62,61,44,11,13,3,49,10,27,123,123,3,0,6,123,47,63,76,18,0,0,16,8,9,52,123,79,0,0,0,1,33,123,60,7,3,3,2,20,23,57,77,15,2,8,10,19,24,85,78,7,5,29,4,0,0,31,78,3,1,50,10,
75,122.707,403.073,24.332,90.3223,0.033189,14353154,-1,10,9,16,3,13,49,20,15,49,68,53,3,12,30,7,5,145,77,6,1,21,1,0,1,10,2,0,1,145,37,0,0,10,1,0,23,82,20,8,42,62,30,13,52,72,15,3,5,145,64,5,2,12,2,0,8,24,2,0,0,132,44,0,0,2,0,0,30,94,36,1,7,70,5,3,27,72,46,15,35,145,8,1,1,9,1,2,55,26,0,0,13,135,3,0,2,1,7,16,7,38,42,3,0,58,3,2,8,52,58,3,6,145,13,1,12,12,1,1,6,17,2,2,120,110,0,0,0,
76,301.512,295.099,1.784,9.49722,0.0335177,9175551,-1,0,108,84,1,0,0,0,0,1,33,23,91,39,0,0,0,14,1,1,93,60,2,7,69,6,0,0,4,20,35,14,39,4,129,62,1,0,0,0,0,25,107,125,123,10,0,1,6,129,20,16,44,11,11,11,88,18,0,0,0,32,109,14,26,20,27,10,1,0,0,0,11,67,22,42,11,0,3,51,129,129,23,4,2,1,11,37,67,51,9,0,0,36,83,3,4,50,5,0,0,0,0,1,7,129,23,0,0,3,16,20,66,101,34,0,0,15,48,21,19,57,34,0,0,19,25,1,0,
77,300.467,298.625,1.62685,8.01727,0.0333702,2490879,-1,6,61,11,1,0,0,0,2,13,62,90,30,0,0,13,35,136,18,22,19,0,1,14,54,86,1,0,0,16,50,6,18,36,4,1,0,0,0,0,12,136,5,3,0,0,6,46,136,136,16,0,0,3,33,76,93,122,32,0,0,15,29,2,4,48,7,0,0,0,1,2,4,136,54,0,0,1,8,4,27,113,26,0,0,41,80,10,14,110,63,0,0,10,13,1,1,17,7,0,1,1,0,1,0,136,88,0,0,0,0,0,0,115,45,1,0,50,37,1,1,60,73,2,2,29,14,0,0,
78,473.905,191.47,5.47767,194.621,0.0335079,6750976,-1,79,1,1,2,6,2,2,112,33,19,5,5,6,2,4,23,5,3,1,11,89,20,6,3,97,49,0,1,33,8,0,3,90,2,1,6,83,17,8,112,112,19,4,10,56,10,20,70,17,2,0,6,84,112,36,29,15,48,0,1,47,71,1,0,60,1,0,2,112,44,12,89,112,18,1,9,89,23,18,93,34,4,1,50,112,18,3,12,0,3,0,20,112,17,0,0,15,0,0,0,54,42,17,42,16,0,0,1,30,44,42,112,2,0,0,13,88,112,17,7,0,0,0,10,68,47,3,0,
79,403.957,369.658,4.05941,320.583,0.0337447,1769984,-1,20,0,0,0,4,36,21,8,158,0,0,1,9,1,1,52,89,0,0,38,158,0,0,13,0,0,0,15,101,2,5,10,33,0,0,24,94,62,13,6,158,10,2,11,25,2,0,43,73,5,3,65,158,7,2,7,7,4,1,6,72,10,15,52,33,1,0,57,77,8,3,11,158,76,46,34,8,0,1,13,17,19,50,158,100,2,0,0,8,21,45,32,18,3,2,10,5,1,2,12,33,14,6,7,13,18,43,44,0,0,1,5,0,2,41,82,1,0,0,0,0,1,17,21,2,0,0,0,
80,249.309,277.779,14.6337,287.826,0.0337794,11010306,-1,7,5,4,1,14,106,32,4,0,0,1,1,1,58,132,6,4,0,1,0,0,4,132,82,14,0,0,0,0,0,94,128,31,46,94,10,0,9,23,10,17,18,132,68,3,14,87,6,132,28,29,11,2,6,66,91,18,0,0,9,2,1,69,71,3,38,114,13,0,0,0,1,93,19,97,38,0,0,0,10,132,27,11,4,0,0,0,29,31,7,9,46,14,1,2,6,3,1,2,0,0,0,1,7,102,1,2,0,0,0,2,59,132,9,6,6,2,0,0,60,14,7,9,21,6,1,4,24,
81,270.581,229.201,2.16049,234.407,0.0336578,6292223,-1,14,19,1,6,6,0,0,0,0,5,29,38,9,0,0,0,2,45,37,5,0,0,0,0,5,20,1,0,0,0,0,0,42,60,12,73,11,0,0,0,14,33,90,140,36,0,0,1,140,140,80,30,1,0,0,2,33,36,7,2,0,0,0,0,28,90,48,140,31,0,1,0,69,11,12,140,90,4,5,22,140,52,17,15,2,0,1,34,36,17,83,90,0,0,0,0,3,18,23,40,15,55,16,0,34,12,2,22,22,26,11,5,113,86,62,34,1,1,1,4,4,7,79,137,0,0,0,0,
82,508.132,218.378,2.14893,293.096,0.0338431,5899007,-1,2,4,4,0,1,0,0,1,5,1,3,1,0,0,13,51,1,0,1,0,0,0,96,131,0,0,0,0,0,0,124,131,17,2,1,1,7,1,0,4,131,9,2,1,1,0,12,131,45,17,31,3,0,0,85,131,13,33,10,0,0,0,50,93,20,10,1,1,14,4,0,0,131,118,15,2,1,0,0,17,92,84,102,13,0,0,0,34,78,52,15,0,0,0,0,32,4,9,2,2,31,7,0,0,115,84,3,1,1,1,0,3,131,49,6,0,0,0,0,98,46,2,0,0,0,0,0,62,
83,386.231,269.737,3.94913,216.246,0.0337734,16515328,-1,5,0,0,1,1,5,25,47,2,2,4,23,30,38,39,4,111,8,4,7,17,19,9,65,34,0,0,3,147,26,1,17,1,0,0,14,23,12,6,18,21,24,41,147,101,30,1,2,147,91,37,40,10,5,1,13,48,2,0,0,126,67,2,8,1,0,0,2,17,36,10,4,28,5,4,28,134,147,18,16,147,18,3,6,18,58,20,70,62,2,0,0,18,40,4,11,0,0,0,4,6,4,7,5,9,1,1,43,104,42,6,6,147,11,2,13,27,14,6,32,50,4,0,0,0,1,2,15,
84,517.884,239.48,8.18234,159.035,0.0337189,2359809,-1,13,5,10,3,0,0,1,13,2,1,30,20,2,3,5,2,1,4,29,27,17,6,1,0,1,5,4,6,15,15,10,1,3,34,129,49,0,0,0,4,8,15,129,129,1,0,0,1,101,80,112,28,0,0,1,12,26,9,3,6,25,12,10,14,0,37,116,33,0,46,60,1,52,17,59,111,7,32,19,6,129,101,11,5,0,1,1,19,47,39,3,10,46,6,2,4,17,3,2,1,1,84,129,63,13,8,1,3,20,129,100,3,54,129,18,1,24,51,9,1,14,129,47,5,13,3,0,0,
85,517.884,239.48,8.18234,50.6144,0.0337189,2359809,-1,0,9,62,132,38,19,1,0,35,10,7,132,46,9,1,23,132,11,0,13,3,0,1,132,30,0,0,0,3,14,17,45,1,7,95,132,4,4,56,28,60,42,6,55,2,38,81,15,132,52,0,0,0,3,8,32,60,2,0,1,2,9,3,9,3,3,5,1,0,5,132,132,11,2,0,0,1,109,132,33,132,8,0,0,1,25,64,97,40,13,9,4,2,0,0,4,6,30,45,3,1,1,18,24,2,27,35,8,7,20,29,5,10,7,7,8,8,12,16,15,6,16,18,7,1,0,0,1,
86,542.775,205.118,2.76283,78.5539,0.0330035,7406591,-1,10,1,0,77,99,4,5,24,51,32,23,28,26,4,16,49,8,31,110,45,3,3,6,4,7,110,72,2,0,4,3,0,91,13,0,38,101,12,2,22,57,9,4,48,110,24,7,26,88,8,17,28,27,37,36,57,54,79,9,2,53,77,20,7,52,45,0,0,96,104,0,0,42,82,14,2,58,84,15,4,103,16,24,27,24,41,30,37,74,9,6,57,110,19,1,11,2,10,0,0,53,110,0,0,2,57,44,4,12,91,2,0,2,7,95,49,5,7,5,4,73,2,15,50,13,0,0,25,
87,229.352,260.127,1.67685,116.227,0.0329665,4719103,-1,6,0,0,0,71,66,1,4,129,0,0,0,1,2,1,71,129,4,8,2,0,0,0,60,8,1,34,10,0,0,1,4,12,0,0,0,124,129,1,4,129,23,5,1,12,22,2,47,118,29,94,88,0,0,0,17,0,1,129,90,0,0,0,0,3,1,9,74,129,83,1,0,85,92,35,12,55,22,3,3,17,43,116,113,0,0,0,1,1,2,55,54,0,0,0,0,0,0,37,103,23,1,0,0,2,10,16,16,17,7,9,1,3,11,40,8,0,0,2,2,0,1,34,17,0,0,0,0,
88,303.481,379.084,2.50423,131.954,0.0331471,263167,-1,8,0,0,0,0,1,20,46,10,0,0,0,2,27,71,43,123,0,0,0,1,5,7,123,53,0,0,2,0,0,0,108,106,0,0,0,1,4,10,101,43,0,0,0,76,81,39,56,123,22,0,0,15,15,5,52,72,17,5,20,9,0,0,15,123,71,0,0,1,3,2,38,44,49,1,1,35,123,12,18,101,93,16,1,22,74,9,5,21,77,106,64,6,0,0,0,31,122,1,0,0,0,0,0,9,123,39,5,10,20,1,0,2,34,39,14,60,55,3,0,0,12,73,43,28,35,3,0,
89,387.106,266.781,1.74391,212.747,0.0331403,7537151,-1,0,0,11,73,88,32,0,0,33,6,38,92,38,16,1,10,153,19,11,7,1,1,0,40,73,1,0,0,0,0,0,11,0,0,0,1,74,153,0,0,57,11,1,1,87,153,2,6,153,17,0,0,5,8,1,21,86,1,0,0,0,0,0,6,0,0,0,0,19,79,2,0,23,1,0,0,92,153,14,17,153,2,0,0,8,42,17,71,76,1,0,0,0,0,1,6,0,0,0,11,21,9,1,0,5,3,6,64,50,49,5,5,141,13,5,11,8,16,8,36,50,1,0,0,0,0,1,7,
90,542.775,205.118,2.76283,252.301,0.0330035,7406591,-1,14,0,0,48,75,1,13,48,5,4,4,5,4,7,101,48,19,61,2,0,3,54,50,4,70,108,0,0,2,10,0,0,108,22,2,16,79,7,5,55,29,39,27,46,107,8,22,27,63,76,13,6,46,72,13,4,108,87,0,0,54,39,0,0,45,65,20,8,52,85,13,2,29,32,34,60,72,4,25,34,108,19,7,29,62,7,4,59,107,13,1,21,92,8,0,40,0,2,2,0,6,108,79,2,3,2,4,5,20,37,108,31,30,4,26,58,44,17,13,31,74,1,4,20,10,1,0,108,
91,346.25,385.371,47.8723,92.4198,0.0328017,13173507,-1,0,0,7,34,76,46,2,0,67,2,5,24,69,71,2,6,141,13,2,6,18,5,1,9,5,1,2,5,12,2,0,0,0,0,3,17,97,106,11,1,64,10,3,25,110,87,8,4,141,25,0,1,27,12,1,10,12,0,0,0,17,11,0,1,1,2,6,107,115,17,1,0,60,4,16,121,97,18,3,26,141,5,1,3,15,9,3,63,18,0,0,2,10,9,1,3,5,5,35,88,71,18,9,3,33,8,7,24,17,20,41,134,113,21,1,1,23,7,4,141,4,1,0,1,27,7,1,4,
92,227.569,311.39,12.0117,282.061,0.0322702,13435649,-1,3,48,83,10,6,3,1,0,9,44,98,4,18,14,1,2,4,14,8,3,58,133,15,2,0,0,0,0,8,118,67,1,15,27,91,91,91,9,1,0,133,106,90,2,0,0,3,49,42,33,39,5,11,43,62,48,5,6,59,20,4,63,133,19,17,11,1,73,45,0,0,2,99,133,46,0,0,0,0,8,14,97,133,19,0,1,3,5,11,12,133,84,0,1,5,4,4,0,0,8,1,0,0,15,10,18,7,0,0,0,0,16,2,16,55,3,0,0,0,1,30,2,30,10,0,0,0,12,
93,227.569,311.39,12.0117,219.255,0.0322702,13435649,-1,0,39,125,7,0,0,1,1,24,37,125,37,2,0,4,17,125,91,12,4,0,0,3,17,16,11,9,20,1,2,1,7,8,1,4,0,0,3,13,14,90,7,3,0,0,1,48,125,86,30,1,4,7,15,101,102,25,9,15,103,72,2,2,7,19,3,0,0,0,2,12,9,125,103,0,0,0,1,7,43,64,67,3,8,39,48,28,20,2,1,2,69,125,50,3,1,4,3,0,0,0,2,2,1,40,117,0,0,0,0,1,2,56,125,3,0,16,22,5,8,5,33,4,3,125,108,2,1,
